src,dst,weight
1,59,1
1,184,1
1,547,1
1,1168,1
1,1354,1
1,1730,1
1,1952,1
2,141,1
2,1976,1
3,262,1
3,459,1
3,582,1
4,976,1
4,1085,1
4,1176,1
4,1725,1
5,805,1
5,1024,1
5,1422,1
5,1644,1
5,1746,1
6,494,1
6,1512,1
6,1857,1
6,1988,1
7,430,1
7,699,1
7,1820,1
8,1735,1
9,485,1
10,690,1
10,1153,1
10,1161,1
10,1317,1
10,1363,1
11,129,1
11,470,1
11,1719,1
12,77,1
12,427,1
13,1721,1
14,130,1
14,827,1
14,835,1
14,1485,1
14,1642,1
14,1904,1
14,1952,1
15,125,1
15,698,1
16,1064,1
16,1266,1
17,1450,1
17,1620,1
17,1661,1
18,1625,1
19,309,1
19,324,1
19,537,1
19,1527,1
20,994,1
20,1076,1
20,1517,1
21,386,1
21,1618,1
22,306,1
22,380,1
22,1043,1
23,1323,1
24,49,1
24,74,1
24,1397,1
24,1971,1
25,112,1
25,120,1
25,944,1
26,341,1
26,805,1
26,1079,1
27,1631,1
28,370,1
28,422,1
28,1516,1
28,1841,1
29,758,1
29,1317,1
29,1712,1
30,672,1
30,1080,1
30,1759,1
31,78,1
31,891,1
32,240,1
32,423,1
32,1145,1
32,1632,1
32,1967,1
33,169,1
33,291,1
33,787,1
33,1315,1
33,1625,1
34,226,1
34,312,1
34,880,1
34,942,1
34,1615,1
35,909,1
36,163,1
36,869,1
37,1311,1
37,1550,1
38,592,1
38,720,1
39,327,1
39,878,1
39,1909,1
40,941,1
41,799,1
41,1065,1
41,1168,1
41,1371,1
41,1521,1
41,1841,1
42,1554,1
43,152,1
43,1118,1
44,358,1
44,837,1
45,366,1
45,460,1
45,744,1
46,1361,1
46,1719,1
46,1732,1
46,1935,1
46,1972,1
47,1744,1
48,1616,1
50,62,1
50,609,1
50,1103,1
50,1976,1
52,1055,1
52,1463,1
53,152,1
53,355,1
54,557,1
54,1126,1
54,1337,1
54,1973,1
55,409,1
55,875,1
55,1219,1
55,1755,1
56,497,1
56,628,1
56,1174,1
56,1528,1
57,189,1
57,222,1
57,431,1
58,649,1
58,772,1
58,896,1
58,956,1
58,1081,1
58,1346,1
58,1387,1
59,1492,1
60,416,1
60,1552,1
61,138,1
61,370,1
61,410,1
61,1273,1
61,1461,1
62,1157,1
62,1224,1
62,1512,1
62,1582,1
62,1843,1
63,1348,1
64,748,1
64,1520,1
64,1678,1
64,1776,1
65,740,1
65,1027,1
65,1497,1
66,435,1
66,746,1
66,862,1
66,1486,1
67,72,1
67,192,1
67,684,1
67,1538,1
68,310,1
68,534,1
68,1270,1
68,1599,1
68,1982,1
69,272,1
69,1695,1
70,300,1
71,267,1
72,278,1
72,327,1
72,639,1
72,994,1
72,1478,1
72,1825,1
73,531,1
74,1052,1
74,1100,1
74,1223,1
74,1335,1
74,1646,1
74,1757,1
74,1934,1
75,907,1
75,1970,1
76,254,1
76,1220,1
76,1597,1
77,335,1
77,1255,1
77,1774,1
78,239,1
78,1998,1
79,178,1
79,324,1
79,648,1
80,799,1
80,1917,1
81,363,1
82,438,1
82,933,1
83,732,1
83,1109,1
83,1681,1
83,1884,1
85,218,1
85,556,1
85,987,1
85,1273,1
85,1859,1
86,720,1
86,1975,1
87,168,1
87,369,1
87,561,1
87,744,1
87,1561,1
88,689,1
88,1944,1
89,1635,1
89,1934,1
90,863,1
91,655,1
91,1513,1
91,1980,1
92,442,1
92,1034,1
92,1932,1
93,220,1
93,452,1
93,696,1
93,1691,1
93,1903,1
93,1924,1
94,278,1
94,499,1
94,957,1
94,1066,1
94,1694,1
95,900,1
95,1794,1
96,883,1
96,1052,1
96,1059,1
96,1665,1
97,829,1
98,884,1
98,1219,1
98,1955,1
99,1021,1
99,1424,1
99,1511,1
99,1950,1
100,1239,1
100,1942,1
101,342,1
101,454,1
101,1168,1
101,1733,1
101,1744,1
102,282,1
102,1375,1
103,498,1
103,620,1
103,883,1
103,1399,1
103,1991,1
104,1009,1
105,965,1
105,1357,1
106,413,1
106,465,1
107,311,1
107,1098,1
107,1322,1
107,1664,1
108,497,1
109,635,1
109,675,1
109,904,1
110,274,1
110,1069,1
110,1490,1
110,1833,1
110,1925,1
111,448,1
111,900,1
111,1016,1
111,1587,1
111,1917,1
112,235,1
112,1079,1
112,1575,1
113,1281,1
113,1486,1
113,1919,1
114,600,1
114,1625,1
114,1809,1
115,374,1
115,484,1
115,1259,1
115,1624,1
116,300,1
116,689,1
116,1000,1
117,337,1
117,844,1
117,1568,1
117,1990,1
118,515,1
118,579,1
118,697,1
118,1248,1
119,739,1
119,1064,1
119,1325,1
119,1514,1
119,1849,1
120,512,1
120,984,1
120,1587,1
121,489,1
121,1591,1
122,658,1
122,1437,1
122,1955,1
123,716,1
124,1423,1
125,628,1
125,635,1
125,964,1
125,1131,1
125,1409,1
126,303,1
128,740,1
128,1260,1
128,1647,1
129,320,1
129,702,1
129,964,1
130,487,1
130,592,1
130,1184,1
130,1219,1
130,1912,1
131,756,1
131,1290,1
132,169,1
132,231,1
132,302,1
132,431,1
132,969,1
133,645,1
133,1295,1
133,1511,1
133,1858,1
133,1899,1
134,779,1
135,702,1
135,708,1
135,851,1
135,954,1
136,228,1
136,512,1
137,1098,1
138,1148,1
139,413,1
139,1123,1
140,257,1
140,375,1
140,790,1
140,1030,1
141,296,1
141,1183,1
141,1423,1
142,294,1
142,1364,1
142,1672,1
142,1994,1
143,258,1
143,545,1
143,1849,1
143,1851,1
144,991,1
144,1189,1
144,1753,1
144,1893,1
145,752,1
145,1212,1
146,419,1
146,1381,1
146,1842,1
147,1263,1
147,1769,1
147,1855,1
148,200,1
148,269,1
148,488,1
148,912,1
148,1194,1
148,1679,1
148,1987,1
149,859,1
149,1590,1
149,1872,1
150,475,1
150,542,1
150,1544,1
151,984,1
151,1140,1
151,1160,1
151,1849,1
151,1978,1
152,613,1
152,719,1
153,751,1
153,993,1
153,1052,1
153,1178,1
153,1659,1
154,632,1
154,886,1
154,1804,1
155,199,1
155,1936,1
156,876,1
156,940,1
156,1644,1
156,1883,1
157,340,1
157,620,1
157,1198,1
157,1221,1
157,1494,1
157,1806,1
158,1426,1
159,1404,1
159,1677,1
160,515,1
160,1658,1
160,1930,1
161,1069,1
161,1102,1
162,1158,1
162,1882,1
163,1524,1
163,1625,1
164,756,1
164,773,1
166,1510,1
166,1770,1
167,626,1
167,1178,1
167,1255,1
167,1364,1
169,191,1
169,689,1
169,1157,1
169,1474,1
170,183,1
171,583,1
171,1256,1
172,842,1
172,1474,1
172,1567,1
174,909,1
174,1881,1
175,907,1
175,948,1
175,1096,1
175,1391,1
176,187,1
176,255,1
176,508,1
176,1982,1
177,1476,1
177,1891,1
178,707,1
178,1220,1
179,574,1
180,358,1
180,1807,1
181,1972,1
181,1997,1
182,256,1
182,1288,1
182,1426,1
183,946,1
183,1983,1
184,196,1
184,392,1
184,1165,1
184,1784,1
185,289,1
185,938,1
186,196,1
186,203,1
186,466,1
186,1352,1
187,1306,1
188,902,1
188,1009,1
188,1891,1
189,347,1
189,409,1
189,792,1
190,1310,1
190,1709,1
191,1058,1
191,1567,1
192,1648,1
193,360,1
193,609,1
193,716,1
194,553,1
195,255,1
195,300,1
195,519,1
195,1189,1
196,1693,1
197,646,1
197,802,1
197,1611,1
198,1620,1
199,221,1
199,337,1
199,392,1
199,548,1
199,1480,1
199,1594,1
199,1832,1
201,542,1
201,625,1
201,741,1
201,761,1
201,1276,1
201,1277,1
202,299,1
202,1469,1
203,712,1
203,891,1
203,1210,1
203,1609,1
204,1188,1
205,396,1
205,891,1
206,331,1
206,710,1
206,1067,1
206,1256,1
207,1385,1
208,235,1
208,278,1
208,296,1
209,380,1
209,942,1
209,1013,1
209,1255,1
209,1324,1
209,1465,1
210,304,1
210,567,1
212,409,1
212,1249,1
212,1474,1
212,1478,1
214,433,1
214,528,1
214,781,1
214,1439,1
215,614,1
216,532,1
218,481,1
218,669,1
218,1748,1
219,476,1
219,577,1
219,793,1
220,350,1
220,1337,1
221,445,1
221,533,1
221,817,1
221,1487,1
221,1552,1
222,707,1
222,1597,1
222,1757,1
223,615,1
223,749,1
223,987,1
224,612,1
224,695,1
224,1808,1
225,1541,1
226,554,1
226,970,1
226,1539,1
226,1870,1
227,391,1
227,470,1
227,624,1
227,1573,1
228,800,1
229,384,1
229,419,1
229,678,1
229,778,1
230,1606,1
231,739,1
231,843,1
231,996,1
231,1259,1
233,283,1
233,913,1
233,994,1
233,1299,1
233,1629,1
234,830,1
235,518,1
235,753,1
235,1458,1
235,1602,1
236,540,1
236,852,1
236,863,1
236,1329,1
237,300,1
237,585,1
237,863,1
237,1191,1
237,1338,1
237,1661,1
238,598,1
240,1187,1
240,1772,1
241,717,1
241,1145,1
241,1434,1
241,1517,1
241,1981,1
242,453,1
242,950,1
242,1724,1
242,1866,1
243,1000,1
243,1909,1
243,1986,1
243,1997,1
244,1288,1
244,1659,1
245,694,1
245,847,1
245,1389,1
245,1770,1
246,687,1
246,754,1
246,1942,1
247,470,1
247,925,1
247,1728,1
248,428,1
249,417,1
249,1092,1
249,1189,1
250,268,1
250,601,1
250,826,1
250,1543,1
250,1618,1
251,1533,1
252,1420,1
252,1693,1
252,1996,1
255,1014,1
256,590,1
256,829,1
256,1402,1
257,407,1
257,1049,1
257,1713,1
258,261,1
261,377,1
261,855,1
261,890,1
261,1216,1
262,722,1
262,830,1
262,1301,1
262,1716,1
263,1571,1
263,1830,1
264,506,1
264,984,1
265,1367,1
265,1376,1
265,1647,1
266,539,1
266,727,1
266,1603,1
266,1625,1
267,1001,1
268,1412,1
268,1664,1
270,889,1
270,1142,1
270,1811,1
271,1673,1
271,1987,1
272,679,1
272,841,1
272,1780,1
272,1826,1
273,418,1
273,860,1
273,1139,1
274,895,1
275,752,1
277,1694,1
277,1855,1
278,714,1
279,1857,1
280,1410,1
281,287,1
281,430,1
282,782,1
282,1593,1
282,1609,1
284,293,1
284,349,1
285,1747,1
286,1205,1
286,1861,1
287,1244,1
288,1308,1
288,1672,1
289,1327,1
289,1796,1
290,396,1
292,335,1
292,376,1
292,891,1
292,1202,1
293,532,1
293,1014,1
293,1016,1
293,1809,1
293,1820,1
294,1364,1
294,1917,1
295,653,1
295,1939,1
296,486,1
296,1565,1
297,602,1
298,392,1
298,925,1
298,1369,1
298,1547,1
298,1557,1
299,717,1
299,905,1
299,1601,1
300,973,1
300,1011,1
300,1467,1
300,1517,1
301,775,1
301,1562,1
301,1601,1
301,1698,1
301,1903,1
302,571,1
302,1769,1
303,555,1
303,643,1
303,871,1
304,751,1
305,730,1
305,1618,1
306,790,1
306,1246,1
306,1384,1
307,896,1
307,1006,1
307,1997,1
308,1131,1
308,1822,1
309,846,1
309,1518,1
309,1536,1
309,1989,1
310,1721,1
311,502,1
311,612,1
311,1746,1
312,1852,1
314,904,1
314,1757,1
315,842,1
315,950,1
315,1359,1
315,1728,1
316,737,1
316,1048,1
316,1312,1
316,1733,1
317,1480,1
318,632,1
318,650,1
318,707,1
318,1959,1
319,822,1
319,981,1
319,1212,1
319,1272,1
319,1617,1
320,778,1
320,1065,1
320,1076,1
320,1280,1
320,1376,1
322,1920,1
323,651,1
323,1675,1
324,421,1
324,1073,1
324,1240,1
324,1435,1
324,1469,1
324,1749,1
324,1913,1
325,477,1
325,1036,1
325,1699,1
325,1982,1
329,599,1
329,928,1
329,1660,1
330,1115,1
330,1404,1
330,1943,1
331,453,1
331,1657,1
331,1687,1
331,1746,1
332,470,1
332,1424,1
333,773,1
333,1110,1
333,1140,1
334,1004,1
334,1844,1
334,1987,1
335,1022,1
335,1212,1
337,1114,1
337,1599,1
337,1811,1
338,1750,1
338,1877,1
339,880,1
339,1067,1
339,1521,1
339,1832,1
340,856,1
340,1344,1
340,1469,1
341,1557,1
342,1021,1
342,1125,1
343,1609,1
344,1375,1
344,1673,1
344,1676,1
344,1993,1
345,708,1
345,1627,1
347,359,1
347,993,1
347,1059,1
348,1208,1
348,1945,1
349,379,1
349,874,1
349,1993,1
351,433,1
351,1322,1
351,1639,1
352,1600,1
353,847,1
353,850,1
353,1168,1
353,1552,1
354,1393,1
354,1396,1
354,1433,1
354,1498,1
355,1042,1
355,1103,1
355,1533,1
355,1644,1
356,1249,1
357,794,1
358,376,1
358,580,1
358,1077,1
358,1593,1
358,1629,1
359,420,1
359,1419,1
360,459,1
360,1309,1
360,1823,1
361,1074,1
361,1428,1
361,1978,1
362,444,1
362,1307,1
363,702,1
363,1155,1
363,1351,1
363,1481,1
363,1491,1
363,1813,1
364,486,1
364,580,1
364,704,1
364,852,1
365,931,1
365,1496,1
365,1973,1
366,1053,1
367,1136,1
368,452,1
368,464,1
368,1149,1
368,1195,1
368,1206,1
369,726,1
369,892,1
369,1094,1
369,1289,1
370,1565,1
370,1987,1
372,423,1
372,1527,1
373,421,1
374,394,1
374,602,1
374,1129,1
374,1380,1
374,1744,1
374,1970,1
377,653,1
377,1895,1
377,1984,1
378,395,1
378,440,1
378,1462,1
379,519,1
379,963,1
379,1477,1
379,1694,1
379,1739,1
379,1740,1
379,1789,1
380,1821,1
381,873,1
381,1185,1
381,1733,1
382,874,1
382,1121,1
382,1529,1
382,1622,1
383,394,1
383,688,1
383,994,1
383,1479,1
383,1717,1
384,599,1
384,1330,1
384,1425,1
384,1690,1
385,846,1
385,1984,1
386,463,1
386,490,1
386,563,1
387,737,1
387,917,1
387,1339,1
387,1498,1
387,1614,1
388,637,1
388,723,1
388,1448,1
388,1775,1
389,520,1
389,924,1
389,1436,1
389,1546,1
389,1572,1
390,402,1
391,780,1
391,1344,1
392,914,1
393,1035,1
393,1141,1
393,1396,1
394,447,1
394,1502,1
395,527,1
395,1051,1
396,622,1
396,1270,1
396,1278,1
396,1677,1
397,667,1
397,868,1
398,1049,1
398,1971,1
399,867,1
399,1824,1
400,727,1
400,1421,1
400,1455,1
401,791,1
401,1112,1
401,1644,1
402,712,1
402,1114,1
402,1753,1
403,1918,1
404,1665,1
405,1078,1
406,588,1
406,823,1
406,1303,1
406,1362,1
406,1894,1
407,872,1
407,877,1
407,1568,1
408,1351,1
408,1356,1
408,1793,1
409,837,1
409,1421,1
409,1514,1
409,1616,1
410,1083,1
410,1191,1
410,1303,1
412,574,1
412,1736,1
413,436,1
413,463,1
413,1773,1
414,517,1
414,572,1
414,717,1
414,729,1
415,596,1
415,659,1
415,1231,1
415,1830,1
416,505,1
416,626,1
416,794,1
416,1216,1
416,1308,1
417,1545,1
418,1005,1
418,1554,1
419,1516,1
419,1947,1
421,1239,1
422,462,1
422,1868,1
423,1299,1
424,480,1
424,1218,1
426,993,1
426,1521,1
427,584,1
427,725,1
427,1571,1
428,1236,1
430,874,1
430,1408,1
430,1784,1
431,484,1
433,1084,1
433,1961,1
434,934,1
434,969,1
434,1023,1
434,1366,1
434,1925,1
435,954,1
436,438,1
436,888,1
436,976,1
436,1911,1
437,1500,1
439,957,1
439,1412,1
439,1842,1
440,594,1
440,652,1
440,839,1
441,660,1
441,940,1
441,1611,1
441,1823,1
442,549,1
442,1323,1
443,949,1
443,1901,1
444,557,1
444,763,1
444,1802,1
444,1803,1
444,1932,1
445,531,1
445,1387,1
446,471,1
446,1457,1
446,1703,1
446,1821,1
447,694,1
447,1413,1
447,1434,1
447,1729,1
449,690,1
450,581,1
450,634,1
450,814,1
450,1494,1
451,1905,1
452,778,1
455,638,1
455,1313,1
456,683,1
456,1581,1
456,1595,1
456,1921,1
456,1960,1
457,1176,1
457,1669,1
457,1949,1
458,705,1
458,1506,1
458,1893,1
460,844,1
460,1213,1
460,1811,1
461,1009,1
462,1340,1
464,1355,1
464,1900,1
465,517,1
465,716,1
465,1787,1
466,1013,1
466,1524,1
467,1663,1
467,1724,1
467,1898,1
468,789,1
468,1234,1
469,646,1
469,1210,1
469,1518,1
469,1986,1
470,722,1
470,909,1
470,1669,1
471,746,1
471,1011,1
471,1358,1
471,1443,1
472,842,1
472,1029,1
472,1313,1
472,1420,1
472,1890,1
472,1996,1
473,728,1
473,773,1
474,1261,1
475,589,1
475,1127,1
475,1361,1
476,1149,1
476,1473,1
476,1633,1
476,1952,1
477,499,1
477,848,1
478,812,1
478,1277,1
478,1795,1
479,1882,1
480,1056,1
480,1510,1
480,1595,1
482,1314,1
482,1682,1
483,581,1
483,698,1
483,700,1
484,1030,1
484,1439,1
484,1549,1
485,1128,1
485,1340,1
486,519,1
486,625,1
486,837,1
486,1356,1
487,914,1
487,1183,1
487,1585,1
487,1880,1
488,1365,1
489,773,1
489,1005,1
490,787,1
490,1417,1
490,1479,1
490,1485,1
490,1588,1
491,991,1
493,531,1
493,536,1
493,1217,1
493,1318,1
493,1479,1
494,887,1
494,929,1
495,716,1
496,1986,1
498,731,1
498,749,1
498,1344,1
499,1013,1
500,1135,1
502,1271,1
502,1470,1
502,1787,1
503,534,1
503,658,1
503,826,1
504,1557,1
505,1095,1
505,1272,1
506,508,1
506,752,1
506,795,1
506,903,1
507,1017,1
507,1507,1
507,1941,1
509,984,1
509,1085,1
509,1305,1
511,596,1
511,1385,1
511,1470,1
512,642,1
512,918,1
512,1654,1
514,1232,1
515,1069,1
515,1417,1
516,561,1
517,1060,1
517,1609,1
518,873,1
518,1217,1
518,1495,1
519,625,1
519,1014,1
519,1438,1
520,1271,1
520,1441,1
521,982,1
521,1392,1
522,590,1
522,616,1
523,1071,1
523,1163,1
523,1566,1
524,858,1
524,1942,1
525,712,1
525,905,1
525,1289,1
525,1361,1
525,1931,1
525,1985,1
526,1173,1
526,1315,1
526,1331,1
527,1467,1
527,1792,1
528,1127,1
531,1575,1
531,1704,1
532,1042,1
532,1215,1
533,943,1
533,1559,1
533,1984,1
534,934,1
534,1664,1
534,1759,1
534,1970,1
535,586,1
536,849,1
536,1073,1
536,1426,1
536,1699,1
537,624,1
537,953,1
537,1376,1
537,1383,1
537,1735,1
537,1744,1
537,1784,1
539,610,1
539,787,1
539,1131,1
539,1711,1
540,957,1
540,1161,1
540,1431,1
540,1691,1
541,626,1
542,1222,1
542,1252,1
543,560,1
543,844,1
544,699,1
544,1824,1
544,1825,1
545,1367,1
545,1514,1
545,1988,1
546,585,1
546,818,1
547,728,1
547,1815,1
548,625,1
548,745,1
548,798,1
549,1901,1
549,1981,1
550,1288,1
551,1452,1
551,1762,1
552,1463,1
553,993,1
553,1246,1
554,589,1
554,890,1
555,1565,1
556,816,1
556,1022,1
556,1267,1
556,1584,1
556,1749,1
556,1760,1
556,1990,1
557,834,1
558,1407,1
558,1427,1
559,1131,1
559,1301,1
560,796,1
561,1429,1
561,1832,1
562,1866,1
563,907,1
563,1031,1
564,781,1
564,1101,1
564,1501,1
564,1776,1
564,1858,1
565,1370,1
566,651,1
566,821,1
566,825,1
566,957,1
567,615,1
567,1925,1
567,1983,1
568,1560,1
569,1342,1
569,1385,1
569,1396,1
569,1758,1
569,1896,1
570,1143,1
571,845,1
571,1148,1
571,1283,1
571,1590,1
572,678,1
572,1745,1
573,723,1
573,1283,1
573,1457,1
573,1462,1
573,1565,1
574,844,1
574,1459,1
574,1500,1
574,1575,1
574,1978,1
575,777,1
575,1004,1
575,1872,1
576,1239,1
576,1450,1
577,856,1
577,865,1
577,893,1
577,1583,1
577,1951,1
578,648,1
578,940,1
578,1163,1
580,1687,1
581,860,1
582,969,1
584,1171,1
585,1734,1
585,1960,1
585,1961,1
585,1973,1
586,939,1
586,1279,1
586,1769,1
587,1544,1
587,1838,1
588,815,1
588,1577,1
588,1904,1
589,1004,1
589,1532,1
589,1960,1
590,887,1
590,1572,1
591,1181,1
591,1201,1
591,1300,1
591,1669,1
592,821,1
593,617,1
593,788,1
593,1532,1
593,1747,1
594,1159,1
594,1839,1
594,1855,1
595,1078,1
595,1775,1
596,1281,1
596,1466,1
597,1324,1
597,1743,1
598,1285,1
598,1865,1
600,1335,1
601,1009,1
602,1065,1
602,1184,1
602,1694,1
602,1829,1
603,1457,1
604,721,1
604,811,1
604,861,1
604,1308,1
605,1424,1
606,787,1
606,1209,1
606,1915,1
607,739,1
607,1322,1
608,971,1
608,1893,1
609,947,1
609,1702,1
609,1798,1
610,891,1
611,1144,1
611,1560,1
611,1619,1
612,1441,1
613,893,1
614,765,1
614,1245,1
615,1469,1
615,1698,1
616,719,1
616,1655,1
616,1815,1
617,684,1
617,691,1
617,1859,1
618,1471,1
619,914,1
619,1813,1
620,921,1
620,1164,1
620,1195,1
620,1265,1
620,1573,1
620,1726,1
620,1910,1
621,1551,1
621,1652,1
622,1112,1
622,1258,1
622,1635,1
622,1959,1
623,924,1
623,1246,1
623,1902,1
624,955,1
624,1341,1
625,1346,1
626,665,1
626,1196,1
626,1763,1
627,651,1
627,1971,1
628,795,1
628,1995,1
629,1178,1
629,1275,1
631,1166,1
631,1633,1
632,896,1
632,1133,1
632,1677,1
633,1893,1
634,938,1
634,1630,1
635,903,1
635,933,1
635,1814,1
635,1948,1
635,1963,1
636,1810,1
637,1034,1
637,1535,1
638,759,1
638,789,1
638,1364,1
638,1523,1
638,1564,1
639,1257,1
641,1964,1
642,920,1
642,1088,1
642,1272,1
642,1582,1
642,1767,1
643,1031,1
644,1751,1
644,1948,1
645,818,1
645,950,1
646,1083,1
647,1062,1
647,1106,1
647,1895,1
648,986,1
648,1364,1
648,1652,1
649,780,1
649,1045,1
649,1139,1
650,1825,1
651,764,1
651,1248,1
652,1312,1
653,1910,1
654,690,1
655,1462,1
655,1545,1
655,1999,1
656,1781,1
657,776,1
657,919,1
658,838,1
658,1120,1
659,1144,1
660,919,1
660,1058,1
660,1162,1
660,1788,1
661,1063,1
662,1903,1
665,1139,1
665,1402,1
666,922,1
666,1991,1
667,693,1
667,847,1
667,1262,1
667,1290,1
667,1364,1
668,1025,1
668,1089,1
668,1098,1
668,1251,1
668,1357,1
668,1530,1
668,1618,1
668,1781,1
669,717,1
670,1061,1
670,1228,1
671,1594,1
672,1748,1
672,1934,1
674,1289,1
674,1645,1
674,1867,1
675,741,1
675,958,1
675,1128,1
675,1230,1
675,1303,1
676,1643,1
677,908,1
677,1036,1
677,1292,1
677,1413,1
677,1794,1
678,924,1
678,1406,1
679,1327,1
680,1055,1
681,1779,1
682,1181,1
684,1477,1
684,1479,1
684,1952,1
685,1301,1
685,1799,1
685,1828,1
685,1925,1
686,1438,1
687,952,1
687,1002,1
687,1085,1
688,1477,1
689,828,1
690,1762,1
691,1264,1
692,1551,1
692,1726,1
693,1148,1
694,956,1
694,1517,1
695,1074,1
695,1683,1
695,1735,1
695,1997,1
696,779,1
696,1867,1
697,1152,1
698,790,1
698,1027,1
698,1046,1
698,1897,1
698,1983,1
699,1040,1
699,1071,1
699,1593,1
699,1966,1
700,1485,1
701,914,1
701,978,1
701,994,1
703,1343,1
703,1374,1
703,1515,1
703,1654,1
704,1076,1
704,1589,1
704,1883,1
705,1780,1
705,1793,1
706,1929,1
707,847,1
707,1767,1
707,1802,1
708,1198,1
708,1505,1
709,766,1
710,920,1
710,1580,1
710,1777,1
710,1930,1
711,1181,1
711,1503,1
713,1054,1
713,1239,1
714,1042,1
714,1169,1
714,1386,1
715,806,1
715,1590,1
716,957,1
716,1492,1
716,1575,1
716,1988,1
717,1622,1
718,1473,1
719,1517,1
719,1552,1
719,1571,1
719,1771,1
720,1250,1
720,1326,1
721,994,1
721,1109,1
721,1286,1
722,885,1
723,939,1
724,970,1
724,1346,1
724,1659,1
725,750,1
725,1365,1
726,805,1
726,866,1
726,1928,1
728,801,1
728,933,1
729,1823,1
730,1684,1
731,1609,1
731,1933,1
731,1982,1
732,1065,1
732,1413,1
732,1596,1
732,1966,1
733,844,1
733,1841,1
733,1962,1
734,838,1
734,1735,1
734,1854,1
735,1731,1
736,1067,1
737,1459,1
737,1517,1
737,1689,1
737,1988,1
738,1031,1
739,973,1
739,1432,1
740,1269,1
740,1484,1
741,1300,1
741,1615,1
742,1454,1
742,1746,1
742,1949,1
743,1273,1
743,1290,1
744,1270,1
744,1296,1
744,1488,1
744,1532,1
744,1629,1
746,1009,1
746,1391,1
746,1445,1
747,1758,1
749,821,1
749,914,1
750,885,1
750,1381,1
750,1446,1
750,1541,1
753,1511,1
754,1975,1
755,886,1
755,1916,1
756,1361,1
757,885,1
757,1028,1
758,1603,1
759,1090,1
759,1495,1
759,1625,1
759,1877,1
761,1818,1
761,1862,1
762,903,1
762,1156,1
762,1232,1
762,1703,1
763,941,1
763,1081,1
763,1658,1
764,996,1
764,1086,1
764,1890,1
766,1802,1
767,985,1
769,792,1
769,1890,1
772,844,1
772,1392,1
773,1364,1
774,1817,1
775,935,1
775,1650,1
777,995,1
777,1150,1
777,1650,1
778,1253,1
779,823,1
779,925,1
780,1876,1
781,1497,1
781,1906,1
782,1184,1
782,1581,1
783,1534,1
785,1724,1
788,1010,1
788,1822,1
790,1275,1
790,1351,1
791,1262,1
792,1738,1
793,1267,1
795,870,1
795,901,1
796,855,1
796,1048,1
796,1375,1
797,1120,1
797,1245,1
797,1628,1
797,1756,1
798,1001,1
798,1027,1
799,1787,1
802,987,1
803,995,1
803,1046,1
804,1500,1
804,1878,1
806,1100,1
806,1253,1
806,1596,1
807,848,1
807,1637,1
807,1889,1
808,923,1
808,1048,1
808,1308,1
810,957,1
810,985,1
810,1365,1
811,1207,1
812,1104,1
813,1183,1
813,1577,1
813,1935,1
815,1176,1
815,1880,1
817,1866,1
818,883,1
818,1131,1
818,1279,1
818,1800,1
819,991,1
819,1828,1
819,1986,1
820,1630,1
820,1673,1
820,1880,1
821,917,1
821,1815,1
822,954,1
822,1686,1
823,1657,1
824,891,1
826,916,1
826,918,1
826,1254,1
826,1378,1
826,1712,1
826,1832,1
827,920,1
827,1607,1
827,1731,1
827,1878,1
828,883,1
828,1303,1
828,1451,1
828,1844,1
830,877,1
831,1126,1
832,1611,1
832,1897,1
833,1034,1
834,875,1
834,1170,1
834,1436,1
834,1628,1
834,1783,1
834,1991,1
835,953,1
835,1225,1
836,1002,1
837,1491,1
837,1916,1
837,1947,1
838,866,1
838,1003,1
838,1472,1
838,1992,1
839,1937,1
840,1661,1
841,899,1
841,995,1
841,1281,1
842,902,1
842,1079,1
842,1181,1
842,1816,1
844,1233,1
845,1175,1
846,1044,1
846,1134,1
846,1756,1
847,938,1
847,1061,1
847,1948,1
848,872,1
848,1173,1
850,1848,1
851,1024,1
851,1732,1
853,871,1
853,1085,1
853,1098,1
854,1015,1
854,1906,1
855,1098,1
855,1379,1
856,960,1
857,1633,1
857,1727,1
858,1450,1
859,1520,1
859,1778,1
860,1985,1
861,1405,1
861,1511,1
862,1266,1
863,937,1
863,1806,1
863,1920,1
865,1790,1
865,1965,1
866,1590,1
867,1538,1
868,1438,1
870,1056,1
871,872,1
871,1249,1
871,1464,1
872,1700,1
872,1879,1
873,933,1
873,1015,1
873,1173,1
874,1249,1
874,1636,1
874,1640,1
874,1799,1
875,1164,1
875,1539,1
876,1940,1
877,1058,1
877,1248,1
877,1448,1
878,1495,1
878,1677,1
879,1237,1
879,1396,1
879,1699,1
880,1247,1
881,1166,1
882,1206,1
882,1338,1
883,1207,1
884,1274,1
884,1629,1
884,1633,1
887,1483,1
888,1071,1
888,1257,1
889,1146,1
889,1297,1
889,1422,1
890,1397,1
890,1402,1
890,1896,1
891,990,1
891,1432,1
891,1732,1
891,1797,1
892,1087,1
892,1687,1
893,1572,1
893,1878,1
894,1531,1
895,1050,1
895,1900,1
896,897,1
896,1169,1
897,970,1
898,1652,1
899,1173,1
899,1247,1
899,1856,1
900,1123,1
900,1290,1
900,1691,1
900,1697,1
900,1990,1
901,1124,1
902,1153,1
905,1020,1
905,1150,1
907,1510,1
907,1801,1
909,1090,1
909,1175,1
909,1987,1
910,915,1
910,1014,1
910,1539,1
911,1756,1
912,1099,1
913,1634,1
914,1253,1
914,1648,1
915,1231,1
915,1260,1
917,1233,1
917,1897,1
917,1987,1
918,1559,1
919,1566,1
919,1640,1
919,1699,1
921,1333,1
922,989,1
923,1555,1
926,1156,1
926,1323,1
926,1385,1
926,1893,1
928,1096,1
928,1575,1
930,1427,1
931,1311,1
931,1326,1
931,1499,1
931,1710,1
932,1076,1
934,1162,1
934,1363,1
934,1933,1
935,1450,1
935,1865,1
936,1051,1
936,1358,1
936,1736,1
937,1811,1
938,1813,1
939,1595,1
939,1672,1
940,1060,1
941,985,1
941,1288,1
941,1321,1
942,994,1
942,1133,1
943,945,1
943,1303,1
943,1871,1
947,1727,1
947,1764,1
948,1452,1
948,1556,1
949,975,1
950,1482,1
950,1574,1
952,1432,1
953,1022,1
953,1339,1
953,1606,1
954,996,1
954,1240,1
956,1275,1
957,1041,1
957,1061,1
957,1577,1
957,1950,1
958,1250,1
959,1456,1
959,1849,1
960,1745,1
962,1490,1
962,1901,1
963,1831,1
964,1112,1
964,1877,1
965,1298,1
966,1881,1
966,1983,1
967,1278,1
968,1073,1
968,1955,1
970,1685,1
971,1289,1
971,1650,1
972,1855,1
973,1969,1
975,1369,1
975,1460,1
975,1572,1
975,1790,1
976,1939,1
977,1481,1
978,1271,1
978,1371,1
978,1408,1
979,1061,1
980,1005,1
980,1151,1
980,1214,1
981,1314,1
981,1406,1
981,1477,1
982,1046,1
983,1447,1
983,1481,1
983,1595,1
985,1531,1
986,1178,1
986,1354,1
986,1975,1
988,1542,1
989,1109,1
992,1211,1
992,1702,1
993,1244,1
994,1194,1
995,1198,1
997,1621,1
997,1698,1
998,1080,1
999,1409,1
1000,1715,1
1001,1155,1
1001,1433,1
1002,1345,1
1002,1442,1
1003,1287,1
1004,1265,1
1005,1055,1
1005,1074,1
1006,1028,1
1006,1374,1
1007,1076,1
1007,1617,1
1009,1014,1
1009,1316,1
1009,2000,1
1011,1244,1
1012,1816,1
1013,1032,1
1014,1214,1
1016,1090,1
1017,1170,1
1017,1452,1
1017,1582,1
1017,1752,1
1018,1293,1
1018,1502,1
1019,1040,1
1019,1196,1
1019,1853,1
1020,1268,1
1021,1061,1
1021,1373,1
1021,1503,1
1021,1636,1
1022,1086,1
1023,1032,1
1025,1044,1
1025,1162,1
1025,1241,1
1026,1036,1
1027,1999,1
1028,1791,1
1028,1944,1
1031,1854,1
1032,1240,1
1034,1225,1
1035,1675,1
1035,1784,1
1036,1631,1
1037,1313,1
1037,1733,1
1037,1932,1
1038,1162,1
1039,1086,1
1040,1156,1
1040,1487,1
1040,1516,1
1040,1742,1
1040,1930,1
1041,1519,1
1041,1774,1
1041,1797,1
1043,1368,1
1044,1216,1
1044,1262,1
1044,1278,1
1044,1853,1
1045,1950,1
1046,1975,1
1046,1981,1
1047,1233,1
1047,1700,1
1050,1599,1
1051,1083,1
1051,1458,1
1053,1057,1
1053,1480,1
1053,1547,1
1053,1660,1
1054,1701,1
1056,1254,1
1057,1508,1
1057,1515,1
1057,1614,1
1057,1628,1
1060,1529,1
1061,1983,1
1063,1065,1
1063,1385,1
1063,1707,1
1064,1424,1
1064,1436,1
1065,1890,1
1068,1471,1
1069,1097,1
1069,1647,1
1072,1197,1
1072,1985,1
1073,1140,1
1074,1546,1
1076,1191,1
1077,1229,1
1077,1752,1
1077,1988,1
1078,1282,1
1078,1489,1
1078,1603,1
1079,1508,1
1079,1640,1
1082,1431,1
1082,1651,1
1083,1390,1
1083,1618,1
1083,1778,1
1085,1106,1
1085,1293,1
1085,1386,1
1085,1575,1
1085,1584,1
1085,1593,1
1085,1953,1
1085,1988,1
1086,1225,1
1087,1886,1
1089,1584,1
1089,1706,1
1089,1946,1
1090,1682,1
1090,1868,1
1091,1138,1
1092,1423,1
1092,1602,1
1092,1748,1
1093,1125,1
1093,1170,1
1093,1752,1
1095,1411,1
1096,1331,1
1096,1652,1
1096,1692,1
1097,1199,1
1097,1449,1
1098,1229,1
1100,1370,1
1101,1165,1
1101,1605,1
1101,1799,1
1101,1833,1
1102,1119,1
1102,1142,1
1102,1423,1
1102,1646,1
1102,1692,1
1104,1362,1
1104,1663,1
1105,1364,1
1105,1765,1
1105,1841,1
1105,1872,1
1106,1140,1
1107,1865,1
1108,1484,1
1108,1605,1
1109,1448,1
1110,1524,1
1110,1676,1
1112,1405,1
1112,1774,1
1112,1806,1
1112,1853,1
1113,1221,1
1114,1767,1
1115,1981,1
1117,1724,1
1120,1162,1
1120,1405,1
1121,1833,1
1122,1900,1
1123,1846,1
1125,1601,1
1126,1161,1
1128,1129,1
1129,1577,1
1129,1751,1
1129,1992,1
1131,1258,1
1131,1664,1
1131,1669,1
1131,1991,1
1135,1912,1
1136,1580,1
1137,1368,1
1137,1477,1
1139,1314,1
1140,1218,1
1140,1559,1
1140,1688,1
1141,1741,1
1142,1377,1
1144,1199,1
1144,1249,1
1144,1315,1
1145,1226,1
1145,1984,1
1146,1664,1
1146,1679,1
1146,1875,1
1148,1485,1
1148,1683,1
1148,1963,1
1150,1713,1
1151,1216,1
1151,1641,1
1153,1336,1
1153,1600,1
1153,1830,1
1154,1393,1
1155,1598,1
1156,1185,1
1156,1855,1
1157,1885,1
1159,1403,1
1159,1491,1
1160,1198,1
1160,1718,1
1162,1808,1
1165,1473,1
1165,1674,1
1165,1694,1
1166,1641,1
1167,1216,1
1168,1686,1
1168,1796,1
1168,1831,1
1169,1757,1
1169,1889,1
1170,1919,1
1171,1385,1
1171,1745,1
1171,1804,1
1171,1885,1
1172,1345,1
1172,1401,1
1178,1285,1
1178,1669,1
1180,1621,1
1181,1446,1
1181,1658,1
1182,1358,1
1183,1272,1
1183,1422,1
1186,1412,1
1186,1683,1
1186,1738,1
1186,1948,1
1188,1400,1
1191,1206,1
1191,1690,1
1193,1530,1
1193,1551,1
1194,1439,1
1197,1981,1
1198,1251,1
1198,1687,1
1201,1568,1
1202,1308,1
1203,1285,1
1203,1855,1
1206,1530,1
1207,1670,1
1211,1881,1
1212,1523,1
1212,1984,1
1214,1377,1
1214,1633,1
1215,1708,1
1219,1791,1
1219,1984,1
1220,1321,1
1220,1625,1
1220,1869,1
1222,1988,1
1223,1256,1
1224,1466,1
1224,1727,1
1224,1863,1
1224,1934,1
1225,1376,1
1225,1490,1
1225,1594,1
1226,1258,1
1227,1424,1
1227,1802,1
1227,1857,1
1228,1489,1
1228,1810,1
1229,1415,1
1230,1433,1
1230,1443,1
1230,1527,1
1231,1445,1
1231,1980,1
1234,1741,1
1235,1261,1
1235,1346,1
1235,1729,1
1236,1597,1
1237,1308,1
1237,1518,1
1237,1707,1
1238,1909,1
1238,1938,1
1239,1569,1
1240,1256,1
1241,1886,1
1241,1980,1
1242,1787,1
1244,1866,1
1245,1810,1
1246,1527,1
1248,1398,1
1248,1441,1
1248,1760,1
1249,1615,1
1249,1645,1
1250,1789,1
1253,1424,1
1253,1465,1
1253,1499,1
1253,1788,1
1254,1334,1
1254,1392,1
1254,1741,1
1255,1260,1
1255,1564,1
1255,1566,1
1255,1574,1
1256,1262,1
1256,1314,1
1256,1788,1
1257,1260,1
1258,1712,1
1259,1320,1
1259,1995,1
1261,1377,1
1261,1478,1
1262,1384,1
1262,1508,1
1262,1913,1
1263,1851,1
1268,1701,1
1268,1953,1
1270,1370,1
1270,1968,1
1271,1691,1
1271,1802,1
1276,1387,1
1276,1474,1
1277,1432,1
1277,1719,1
1277,1873,1
1278,1491,1
1279,1358,1
1279,1863,1
1282,1749,1
1283,1789,1
1285,1315,1
1286,1393,1
1288,1304,1
1288,1588,1
1289,1793,1
1289,1935,1
1291,1643,1
1291,1651,1
1295,1298,1
1295,1328,1
1295,1634,1
1297,1555,1
1297,1766,1
1298,1530,1
1298,1996,1
1299,1492,1
1299,1984,1
1300,1782,1
1300,1955,1
1301,1386,1
1302,1371,1
1302,1373,1
1302,1375,1
1303,1933,1
1304,1928,1
1306,1512,1
1306,1548,1
1306,1888,1
1307,1744,1
1308,1398,1
1309,1631,1
1309,1681,1
1310,1372,1
1310,1632,1
1310,1741,1
1310,1848,1
1313,1981,1
1315,1813,1
1315,1890,1
1315,1984,1
1316,1652,1
1317,1499,1
1317,1596,1
1317,1900,1
1320,1494,1
1320,1778,1
1321,1455,1
1325,1498,1
1325,1815,1
1325,1886,1
1325,1993,1
1328,1895,1
1330,1914,1
1332,1711,1
1332,1804,1
1332,1884,1
1333,1345,1
1333,1896,1
1333,1972,1
1334,1586,1
1335,1877,1
1338,1582,1
1338,1685,1
1339,1699,1
1339,1771,1
1340,1383,1
1340,1769,1
1341,1368,1
1341,1927,1
1342,1366,1
1342,1854,1
1347,1815,1
1350,1448,1
1351,1841,1
1351,1892,1
1353,1941,1
1354,1411,1
1354,1680,1
1354,1994,1
1359,1373,1
1359,1376,1
1360,1967,1
1361,1439,1
1361,1981,1
1363,1670,1
1363,1713,1
1364,1593,1
1364,1750,1
1366,1408,1
1366,1578,1
1368,1400,1
1369,1403,1
1369,1479,1
1374,1940,1
1375,1962,1
1379,1517,1
1381,1661,1
1382,1843,1
1385,1798,1
1389,1660,1
1390,1634,1
1391,1671,1
1391,2000,1
1392,1692,1
1392,1847,1
1392,1926,1
1392,1940,1
1394,1637,1
1396,1905,1
1397,1908,1
1398,1837,1
1398,1860,1
1398,1898,1
1399,1949,1
1400,1461,1
1401,1999,1
1404,1457,1
1404,1642,1
1404,1674,1
1404,1907,1
1405,1506,1
1406,1932,1
1408,1428,1
1408,1468,1
1408,1491,1
1408,1632,1
1411,1709,1
1411,1884,1
1413,1482,1
1413,1625,1
1413,1746,1
1414,1670,1
1414,1794,1
1414,1878,1
1415,1540,1
1415,1918,1
1416,1426,1
1416,1649,1
1416,1735,1
1416,1763,1
1418,1594,1
1420,1694,1
1420,1843,1
1421,1803,1
1423,1574,1
1424,1583,1
1425,1704,1
1425,1723,1
1426,1752,1
1427,1914,1
1429,1616,1
1430,1728,1
1431,1742,1
1432,1641,1
1432,1690,1
1434,1741,1
1437,1889,1
1438,1897,1
1439,1842,1
1442,1778,1
1443,1916,1
1446,1499,1
1447,1792,1
1447,1824,1
1448,1746,1
1449,1562,1
1449,1656,1
1450,1967,1
1452,1794,1
1455,1879,1
1457,1658,1
1457,1934,1
1458,1866,1
1460,1816,1
1461,1740,1
1462,1799,1
1462,1950,1
1463,1628,1
1464,1667,1
1465,1737,1
1466,1539,1
1466,1825,1
1468,1726,1
1469,1951,1
1472,1586,1
1472,1990,1
1473,1884,1
1473,1900,1
1474,1982,1
1477,1835,1
1478,1752,1
1478,1945,1
1482,1895,1
1485,1584,1
1485,1809,1
1487,1534,1
1489,1584,1
1489,1875,1
1490,1899,1
1491,1607,1
1492,1502,1
1492,1928,1
1494,1969,1
1497,1539,1
1497,1721,1
1499,1944,1
1500,1856,1
1504,1558,1
1504,1615,1
1504,1915,1
1505,1796,1
1506,1711,1
1506,1975,1
1509,1865,1
1511,1753,1
1512,1856,1
1515,1565,1
1515,1849,1
1516,1535,1
1516,1729,1
1519,1814,1
1520,1743,1
1522,1567,1
1522,1676,1
1522,1739,1
1522,1779,1
1524,1580,1
1525,1836,1
1526,1942,1
1528,1574,1
1529,1644,1
1529,1944,1
1530,1559,1
1531,1778,1
1532,1894,1
1533,1642,1
1536,1546,1
1537,1951,1
1539,1673,1
1539,1999,1
1542,1758,1
1545,1764,1
1545,1875,1
1546,1773,1
1548,1759,1
1549,1931,1
1549,1973,1
1550,1792,1
1552,1878,1
1553,1836,1
1555,1686,1
1556,1829,1
1558,1613,1
1560,1695,1
1566,1916,1
1568,1855,1
1572,1849,1
1576,1886,1
1577,1591,1
1577,1905,1
1578,1697,1
1578,1780,1
1583,1620,1
1591,1826,1
1597,1785,1
1598,1833,1
1599,1639,1
1599,1821,1
1600,1639,1
1600,1724,1
1601,1603,1
1601,1746,1
1605,1688,1
1605,1856,1
1607,1655,1
1608,1838,1
1610,1915,1
1615,1715,1
1616,1707,1
1617,1635,1
1619,1760,1
1619,1854,1
1623,1871,1
1626,1706,1
1626,1979,1
1631,1821,1
1633,1734,1
1634,1691,1
1634,1807,1
1637,1864,1
1639,1888,1
1641,1722,1
1642,1915,1
1642,1974,1
1645,1651,1
1646,1978,1
1647,1828,1
1647,1921,1
1647,1922,1
1649,1703,1
1649,1863,1
1649,1873,1
1654,1974,1
1659,1794,1
1660,1813,1
1665,1983,1
1666,1719,1
1669,1684,1
1669,1787,1
1671,1673,1
1672,1926,1
1674,1957,1
1681,1871,1
1681,1943,1
1682,1993,1
1683,1838,1
1683,1973,1
1685,1905,1
1687,1718,1
1688,1727,1
1692,1761,1
1693,1848,1
1695,1814,1
1700,1774,1
1701,1785,1
1701,1888,1
1701,1956,1
1703,1962,1
1703,1971,1
1705,1860,1
1713,1940,1
1720,1944,1
1725,1742,1
1725,1972,1
1730,1916,1
1739,1994,1
1748,1752,1
1750,1873,1
1750,1933,1
1754,1985,1
1755,1829,1
1757,1946,1
1763,1890,1
1764,1994,1
1765,1830,1
1765,1925,1
1767,1923,1
1773,1928,1
1774,1980,1
1776,1791,1
1783,1861,1
1786,1850,1
1787,1865,1
1794,1845,1
1797,1936,1
1800,1911,1
1804,1854,1
1806,1809,1
1807,1941,1
1812,1904,1
1817,1917,1
1818,1996,1
1820,1883,1
1821,1831,1
1823,1982,1
1823,1999,1
1827,1852,1
1845,1910,1
1847,1957,1
1859,1970,1
1861,1902,1
1869,1945,1
1875,1957,1
1876,1963,1
1878,1950,1
1888,1969,1
1889,1980,1
1914,1933,1
1927,1942,1
1935,1941,1
1942,1996,1
1944,1971,1
1958,1991,1
1959,1987,1
